pat_mean_ms,pat_std_ms,heart_rate_bpm,sdnn,rmssd,ppg_amplitude,pulse_width_ms,accel_motion,gyro_motion,temperature
239.99050000000017,39.98949999999985,60.0,1.0009999999999764,2.0019999999999527,2573.230272240337,350.0,9.992335736810606,0.03234306320922318,31.681066666666673
227.2263333333336,18.546176647013695,75.94931901941838,81.49742998555284,141.25996497592735,2402.7138493460297,276.50017499999984,9.99164658356225,0.03239451225261886,31.14933333333334
120.00266666666805,32.6590469582659,53.619302949061584,80.00100000000111,160.00200000000223,2824.587993573943,391.65000000000055,9.990755019345846,0.032299370054897136,30.908266666666677
