pat_mean_ms,pat_std_ms,heart_rate_bpm,sdnn,rmssd,ppg_amplitude,pulse_width_ms,accel_motion,gyro_motion,temperature
173.56533333333365,18.701300228118683,69.80806853290781,59.49950000000115,118.9990000000023,3616.6627949118542,300.82482500000003,9.991303731810557,0.032610598234880696,32.00333333333334
220.4245,44.604567868660894,93.750622562728,102.18399856722846,142.56352348572995,3719.677424080004,223.9985124999999,9.992261005361634,0.032528279765447615,32.03013333333334
200.33366666666552,32.663271935853416,50.56178355006082,81.38070068921182,150.73918535172461,2871.06483120975,415.33344999999986,9.991953133703346,0.03251798995676848,31.536666666666665
193.38583333333284,27.424123792849453,91.85140280054915,50.5507311981404,90.79690860926873,2843.7292192019445,228.63015000000027,9.993551825338281,0.0324665409133728,31.33506666666667
190.07874999999962,17.184686444259032,91.85140280054915,50.5507311981404,90.79690860926873,2843.7292192019445,228.63015000000027,9.992829535893826,0.03253856957412675,31.295466666666666
147.3330000000021,49.5340870377807,83.33335648148783,126.11289546338962,222.93816296957607,2311.3588494339283,251.99993000000023,9.994465728442474,0.032548859382805884,31.08506666666667
