pat_mean_ms,pat_std_ms,heart_rate_bpm,sdnn,rmssd,ppg_amplitude,pulse_width_ms,accel_motion,gyro_motion,temperature
260.50000000000017,19.519000000000062,67.21313434262566,68.5129129450953,142.13684104059698,3347.568490500227,312.43893333333335,10.010366600505789,0.0655200335619435,25.403333333333336
186.67499999999868,49.88565048855695,78.97384544186652,107.02192732594715,171.53763152877468,6620.610484436345,265.9108200000001,10.027428670585786,0.1141595871047251,26.424666666666667
