pat_mean_ms,pat_std_ms,heart_rate_bpm,sdnn,rmssd,ppg_amplitude,pulse_width_ms,accel_motion,gyro_motion,temperature
213.0986666666664,49.33949477739811,93.84340351255858,0.36299999999999955,0.7259999999999991,4598.51868346818,223.77705,9.867848016925478,0.136534434381937,28.22679999999999
200.49400000000082,0.5170000000003228,62.54404142917305,65.61116887136514,80.37382508317113,3116.4233919692356,335.7634,9.988023670386985,0.09730584527898588,27.934933333333333
146.330333333335,37.23530032404983,87.28615981921291,92.39335265136769,124.49285274866263,2574.7611857523693,240.58796999999996,9.934118380581749,0.07630495821122989,27.20173333333334
133.329000000001,18.84863843004613,94.99680335756683,68.53479855197683,119.24220694137874,3350.9042051551073,221.06007000000042,9.985703152081527,0.08314318713671459,27.008666666666667
238.99099999999862,41.009000000002516,77.61849217454674,74.93686557066314,158.95869920359934,3842.5119903464574,270.5540833333333,10.04990945807821,0.05656165046489361,26.669333333333338
266.3356666666653,18.658695065716778,103.58445369990697,44.39200475592402,55.89710681540546,2421.4313618072983,202.73312500000046,9.99346347199267,0.06275690760612439,26.708133333333333
