pat_mean_ms,pat_std_ms,heart_rate_bpm,sdnn,rmssd,ppg_amplitude,pulse_width_ms,accel_motion,gyro_motion,temperature
139.99950000000007,20.000500000000088,103.53753235547886,44.274044331865774,94.23751908696843,1788.1613125968327,202.825,10.007779864645308,0.03162277660168371,31.334966442953018
180.00050000000022,20.00149999999934,79.8298241029656,81.74679357968778,126.50087374303077,1372.983236377714,263.0595799999999,10.006131381635917,0.03162277660168371,31.158053691275175
260.00149999999957,19.001499999999908,109.37668052712273,55.38890167843112,95.34630555768912,1344.4395096860035,191.99704999999992,10.007054994160946,0.03162277660168371,30.987449664429526
119.99933333333483,32.65986325071662,105.9133481710089,88.0839306881358,154.98444455170417,1092.477047943078,198.2752916666666,10.004167381500809,0.03162277660168371,30.78637583892617
139.99900000000133,20.000999999998825,69.80741878343125,20.492499999999552,40.984999999999104,1272.0319147636878,300.8276249999998,10.005936517284336,0.03162277660168371,30.776577181208047
213.66633333333357,19.32499266637949,90.97797915921957,90.89144768726766,160.6731465449858,2160.525932568472,230.8250874999996,10.005734282861779,0.03162277660168371,30.83080536912751
220.99599999999953,20.0010000000006,75.02342137436041,120.4170404601744,154.23259500939758,2118.942810262779,279.9125874999996,10.008213158833266,0.03162277660168371,30.904630872483228
133.66733333333514,18.627274131110187,70.60900264783758,77.23202064235012,133.463066208101,1845.4116807758292,297.4125000000001,10.00629079298305,0.03162277660168371,30.841677852348994
