pat_mean_ms,pat_std_ms,heart_rate_bpm,sdnn,rmssd,ppg_amplitude,pulse_width_ms,accel_motion,gyro_motion,temperature
226.66600000000005,49.88805246415879,102.8100734680785,82.19584856572747,122.31922173252251,1919.7777424072392,204.26014,10.00752239121906,0.03162277660168371,31.9594
199.66633333333303,32.66327193585416,107.07886477367092,32.25248312232058,39.50318979525613,1578.713471623525,196.11713333333344,10.009076584770867,0.03162277660168371,31.714533333333325
212.6656666666662,19.32829246352544,96.73503146306896,108.12061321043282,170.2547463929669,1980.144051242176,217.08785000000003,10.011587615193188,0.03162277660168371,31.505866666666673
212.6656666666662,18.625669282530712,92.59247828089104,92.86688969142861,174.9863651916909,2055.284001726926,226.8002799999999,10.009979728872073,0.03162277660168371,31.576666666666668
179.99900000000045,19.999999999999574,97.43426353824734,103.47939790586346,164.29804417658193,1962.8853635913983,215.52992999999998,10.008439735605867,0.03162277660168371,31.566399999999994
146.6583333333335,37.70057655910316,74.99996875001314,85.63831307825309,142.69653815177082,2559.230311319521,280.0001166666662,10.006995287169529,0.03162277660168371,31.225333333333335
186.33933333333513,37.94539462906551,101.73806771431438,43.77101075697738,68.91553788273333,3250.268461806548,206.41241250000004,10.006050834105242,0.03162277660168371,31.41133333333333
169.7550000000021,17.46740007843085,98.48178025514166,43.30257067643279,72.29902261672058,4290.501469165635,213.2374125,10.007854637501763,0.03162277660168371,31.34426666666667
