pat_mean_ms,pat_std_ms,heart_rate_bpm,sdnn,rmssd,ppg_amplitude,pulse_width_ms,accel_motion,gyro_motion,temperature
240.24500000000026,49.190848600122216,68.18181818181812,0.8160886389786446,1.580822886984535,2137.3590610628016,308.0000000000003,10.000557989593977,0.03162277660168371,30.83746666666666
226.83333333333405,49.93467955461678,92.34317339623978,71.73369588406025,118.44312840768012,2412.4458470776503,227.41258749999943,10.002853573074818,0.03162277660168371,31.059866666666665
