pat_mean_ms,pat_std_ms,heart_rate_bpm,sdnn,rmssd,ppg_amplitude,pulse_width_ms,accel_motion,gyro_motion,temperature
220.5005,19.499500000002,84.94570907368826,102.50483132963377,163.22214066786404,2039.511338306157,247.21672500000005,9.994729656379162,0.03247683072205194,30.343599999999995
200.49999999999812,39.49999999999676,69.25743334260616,115.12370062097334,228.99938646316005,1731.5938651495126,303.21654999999987,9.993692290340011,0.03235335301790232,30.346933333333325
189.9997500000019,33.16587101506039,113.20893558128547,17.324262026131134,23.104405871321568,2611.5719190864243,185.49772499999992,9.99472751822978,0.032332773400544045,30.393599999999992
