pat_mean_ms,pat_std_ms,heart_rate_bpm,sdnn,rmssd,ppg_amplitude,pulse_width_ms,accel_motion,gyro_motion,temperature
200.83550000000017,39.16450000000182,73.21541989958497,100.49949999999978,200.99899999999957,3259.676841694858,286.8248250000003,9.994400400154108,0.0353046040630373,30.28226666666667
187.12399999999957,18.696574499090257,99.99999999999977,33.07567081708075,40.52776825831671,2397.047654364405,210.00000000000045,9.993986294614288,0.03359862093476873,31.171333333333337
186.66733333333005,18.85665223616214,81.78104578875308,67.73137136429892,116.97026117992435,2423.201047446598,256.783216666667,9.993675782072476,0.034784193477364236,30.808133333333334
