pat_mean_ms,pat_std_ms,heart_rate_bpm,sdnn,rmssd,ppg_amplitude,pulse_width_ms,accel_motion,gyro_motion,temperature
240.02400000000011,39.971999999999795,115.38479289968136,35.79411126651972,28.70151570039475,2428.7412515556925,181.99972000000002,9.988229811449559,0.03230190397450664,31.809999999999995
240.4995000000003,0.5004999999993487,62.49999999999994,40.99700000000081,81.99400000000162,1402.012045886584,336.0000000000003,9.987895161433674,0.03227103454846924,31.250266666666665
173.8966666666665,18.950145704512884,94.93721959896617,85.41696337988084,129.61265421439342,1827.088774663424,221.19881000000004,9.988790331761695,0.032199005887715286,31.084000000000003
226.66599999999923,37.71071180270156,107.18113612004288,66.21760191973095,116.71773648207807,2243.815570382514,195.92999999999998,9.988933330268605,0.03232248359186491,31.01173333333334
240.00120000000038,25.298221324037247,80.66678085497642,135.8027019062587,217.4914653756559,2561.337115993405,260.3302100000001,9.986878364017432,0.03218871607903615,30.998666666666676
