pat_mean_ms,pat_std_ms,heart_rate_bpm,sdnn,rmssd,ppg_amplitude,pulse_width_ms,accel_motion,gyro_motion,temperature
139.51599999999954,20.510999999999946,88.30035069955956,40.499999999999716,80.99999999999943,2316.4698318083224,237.8246499999999,9.988340583590917,0.03260030842620156,30.703199999999995
220.49550000000195,20.5005000000007,97.46572861317648,40.16961045367555,83.56398457020947,2126.942239472294,215.46034999999978,9.989253469491562,0.03255914919148502,30.570799999999995
160.00000000000014,39.99999999999915,88.27845968800926,82.78900962436624,81.10321330502437,2301.8383615026105,237.88362499999982,9.989509977211082,0.03265175746959723,30.662399999999998
180.00025000000085,44.721694961031524,87.42103573529111,94.02255937569304,150.73390996720227,2498.4080277261055,240.21678333333313,9.99022058533108,0.0326414676609181,30.764000000000003
170.17174999999975,43.551040758949455,97.93221567285437,82.62417860139784,165.89296851434221,2477.759068593932,214.4340333333329,9.98988337893344,0.03256943900016415,30.738933333333335
173.56199999999686,49.828663317410786,65.23158626475023,104.61464518010806,143.46395959787205,2398.8168591424173,321.9299299999999,9.990923215420413,0.03259001861752243,30.69160000000001
199.99899999999826,39.99999999999915,58.82367358743533,60.997499999995625,121.99499999999125,3328.0370190563726,356.99912499999954,9.991686292969106,0.03256943900016415,30.36546666666667
