pat_mean_ms,pat_std_ms,heart_rate_bpm,sdnn,rmssd,ppg_amplitude,pulse_width_ms,accel_motion,gyro_motion,temperature
239.99799999999993,40.0020000000012,95.74473177911256,50.42593917375842,64.20648743701781,2213.425060322826,219.33321666666686,9.993915263356033,0.03250770014808935,30.326133333333328
180.00149999999948,20.99850000000103,71.42857142857143,97.57350050432203,188.47287603923598,2173.915812398774,294.0,9.991021893457267,0.032332773400544045,30.259066666666666
239.98100000000022,40.0020000000012,61.255617650602034,61.49799999999675,122.9959999999935,4334.6466061425235,342.8257,9.978935662492715,0.032445961296014535,30.43093333333333
