pat_mean_ms,pat_std_ms,heart_rate_bpm,sdnn,rmssd,ppg_amplitude,pulse_width_ms,accel_motion,gyro_motion,temperature
160.2462500000002,48.79045928957323,97.85267735797771,60.004196777299605,95.34253520963242,6986.447984168379,214.60833333333332,9.993007878552795,0.03265569792085745,30.919199999999993
210.24575000000033,43.534976325793664,109.71020658431897,68.3002985856502,89.90191281891745,3258.230746494841,191.41336666666672,9.991468290405663,0.032548859382805884,30.69453333333333
139.9920000000012,20.00700000000144,98.44195103743462,51.677382796418414,69.69173134358815,5076.774864610739,213.32368749999995,9.993031317408112,0.03254632546319638,30.822266666666668
240.49999999999903,0.5000000000006111,91.7899031106579,115.4742549498458,229.26430598983163,2510.4441606066703,228.78333333333313,9.990224064629116,0.032497410339410206,30.7016
226.9950000000011,37.48235206956292,102.70406098704083,74.66789214488519,120.75585956900993,5601.384884424064,204.4709799999999,9.996949939381059,0.032645408112178316,30.45826666666666
240.33333333333454,32.66326512902288,94.46929511735452,92.9886694683832,111.97802477910086,5601.384884424064,222.2944499999999,9.993594154338199,0.032665987729536584,30.397333333333325
