pat_mean_ms,pat_std_ms,heart_rate_bpm,sdnn,rmssd,ppg_amplitude,pulse_width_ms,accel_motion,gyro_motion,temperature
259.5040000000001,20.53300000000003,60.04066754548415,117.64750820801743,152.85010579649588,4038.2898926916178,349.7629333333333,9.95992397644047,0.12322506097624399,27.71066666666667
200.48300000000017,39.526000000000394,96.80143846937563,100.89350000000059,201.78700000000117,4603.325949950275,216.93892500000004,9.99883078372241,0.12407484335357717,28.412266666666675
209.57700000000125,32.78083089245994,107.23534763018826,1.1700000000018917,2.3400000000037835,3860.1387639457434,195.83094999999986,10.008447520313817,0.10019263905895374,28.29626666666667
186.64133333333174,49.896693960845404,88.235229238802,57.27428861408813,80.66099773537645,2883.4971288929364,238.00017500000007,10.005456196246763,0.11787495996415896,28.3672
190.22699999999838,43.655825126780414,90.90909090909089,101.00100000000009,202.00200000000018,3977.3489176509393,231.00000000000003,9.958955253193338,0.12539762099887283,28.36413333333333
219.99850000000265,19.98749999999916,71.42793367916369,1.00750000000005,2.0150000000001,2732.8957596052696,294.0026249999995,10.013610213949976,0.08681106808215283,28.404133333333334
