pat_mean_ms,pat_std_ms,heart_rate_bpm,sdnn,rmssd,ppg_amplitude,pulse_width_ms,accel_motion,gyro_motion,temperature
159.5254999999991,39.47449999999897,79.01952572480661,56.07781110801915,84.1244951961086,7030.238166800177,265.7571,9.980795700936874,0.5794729310838216,34.1441095890411
209.75024999999812,33.54404970613508,111.16097916148483,44.60552863365344,85.93726426101207,11681.860166107756,188.9152125000002,9.991946954905787,0.5615932773140263,34.15301369863014
139.4994999999959,19.49949999999845,109.75402294224921,49.8757586876317,89.42348920167025,11681.860166107756,191.3369500000001,9.990836730968427,0.5058029580883497,34.158767123287674
