pat_mean_ms,pat_std_ms,heart_rate_bpm,sdnn,rmssd,ppg_amplitude,pulse_width_ms,accel_motion,gyro_motion,temperature
159.9970000000006,39.975999999999345,61.538493096663096,147.89283032740215,135.15503920313094,3841.2316215014903,341.24982500000016,10.012040864705316,0.6470072698091112,33.74189189189189
146.3173333333335,49.789821960807686,71.51328061215352,0.004999999999824922,0.009999999999649845,3448.89193325337,293.6517500000007,10.019422024555709,0.7185451077898248,33.82945945945946
220.5005,19.490500000003408,60.020186789490126,33.071814246508254,40.50660457875962,4377.573507418996,349.8822833333337,10.00269394402473,0.5781164086282531,33.80405405405405
220.50450000000055,19.494500000003967,61.62916703045005,49.953816090463654,102.50346732915615,4377.573507418996,340.7477499999994,10.008925111780842,0.5490221958680606,33.839189189189185
100.68099999999802,20.35900000000268,60.0201967962219,79.65649999999516,159.31299999999032,4976.158046290773,349.8822250000001,10.01856955337271,0.6274238667102734,33.774054054054055
