pat_mean_ms,pat_std_ms,heart_rate_bpm,sdnn,rmssd,ppg_amplitude,pulse_width_ms,accel_motion,gyro_motion,temperature
160.5080000000001,40.49200000000042,62.544155522297146,74.56456219738249,148.70841947246683,993.9727862936215,335.76278749999983,10.001291201365795,0.4179694061031993,33.64771812080538
160.01149999999953,28.286040059541698,80.4289544235924,114.73656784419946,228.38515495211107,1541.3523449885267,261.1000000000003,10.005445426921405,0.49891254424915255,33.61281879194632
192.00659999999985,29.93261870668837,87.15789436986145,73.15551456561677,114.43498452178189,1676.3307299920984,240.9420300000001,9.978835398942575,0.4462030903806427,33.632013422818794
220.00150000000042,19.99849999999803,85.69339284898157,100.38393207027194,142.7494062194317,1485.5192846524578,245.05973333333336,9.973889540242066,0.4416500296460069,33.7044966442953
130.253999999999,17.19057651738383,93.69885604107763,86.25101499821425,116.099823697109,1791.6774813130187,224.12226666666652,9.989513881037213,0.5998992919292622,33.57268456375838
160.33999999999793,32.26914151321521,107.01424894724707,32.67944540532957,40.031948291331986,1791.6774813130187,196.23555000000047,10.025811838960358,0.4855009819939629,33.44369127516778
120.2526666666633,32.64239877146673,73.12868271475577,19.508500000000595,39.01700000000119,1147.9749329840945,287.1650250000012,9.989249641352025,0.5192322400263488,33.56261744966443
