pat_mean_ms,pat_std_ms,heart_rate_bpm,sdnn,rmssd,ppg_amplitude,pulse_width_ms,accel_motion,gyro_motion,temperature
239.9899999999994,0.8226351965888273,102.21703060661828,18.42285906753398,28.34845401428406,3718.9915426027555,205.44521666666677,9.992537881485207,0.03247683072205194,30.502266666666674
213.66099999999983,37.947039972395864,99.94430881014637,0.9421027308922993,1.9985005629211814,3945.2626459050166,210.11701666666661,9.993525094384058,0.032662172291727166,30.781599999999997
139.99950000000004,19.99950000000083,57.692363165733774,121.0010000000006,242.0020000000012,3589.9766918845157,363.9996500000002,9.991843417697188,0.03262101305701063,31.486400000000007
169.99974999999966,43.589276206280886,93.75014648460395,57.27710420985538,121.50102880222805,2375.8643691371108,223.99964999999983,9.98974222448808,0.032692916704313776,31.282933333333332
159.99949999999785,40.000499999997885,102.6694045174539,92.93799869160082,139.07781815318302,2570.3888529023425,204.5399999999998,9.992374234493054,0.03267233708695551,31.296666666666674
220.00050000000115,19.999500000000836,67.16415404322616,50.16268202115454,63.26597823475038,2353.4383589259605,312.66678333333306,9.99001868058461,0.0326414676609181,30.572933333333335
