pat_mean_ms,pat_std_ms,heart_rate_bpm,sdnn,rmssd,ppg_amplitude,pulse_width_ms,accel_motion,gyro_motion,temperature
213.16383333333397,49.664748136603,59.21083795177867,100.57748511802404,180.4539696016661,4536.517121123106,354.66480000000007,9.98757700291876,0.032312193783185776,30.87373333333333
239.74525000000034,27.931445991705502,61.286964977563734,99.9999999999996,199.9999999999992,3717.981842921477,342.6503500000007,9.987026188772957,0.03229161416582751,30.74746666666666
