pat_mean_ms,pat_std_ms,heart_rate_bpm,sdnn,rmssd,ppg_amplitude,pulse_width_ms,accel_motion,gyro_motion,temperature
167.9999999999996,46.647100698757626,100.12515644555688,97.36882973775563,102.51259767300185,3848.5681074731065,209.7375000000001,10.006513061029178,0.03162277660168371,31.454133333333328
159.7492500000004,40.256994754793865,89.15302398389699,78.26858699677793,116.35673207425454,4728.70560869853,235.55005833333328,10.009459361148766,0.03162277660168371,31.289733333333327
199.50000000000045,39.49999999999676,47.6190476190477,60.000000000002274,120.00000000000455,3680.154342484314,440.99999999999926,10.007866100251947,0.03162277660168371,31.75653333333333
