pat_mean_ms,pat_std_ms,heart_rate_bpm,sdnn,rmssd,ppg_amplitude,pulse_width_ms,accel_motion,gyro_motion,temperature
200.32133333333334,15.928475891378314,80.75328820660135,79.71953532579073,125.2153782438483,6563.951465927725,260.05133,9.87512859374914,0.28732531724954596,26.07951048951049
151.03299999999996,29.956000000000316,89.15304606240713,81.00665570597697,114.69369510570357,7360.954434675197,235.54999999999998,9.911059862547587,0.28204005067794186,26.310419580419584
120.15650000000022,39.852499999998514,78.98181904343784,1.3534999999986326,2.706999999997265,6057.991729913723,265.88397500000065,10.075194529505596,0.2705470441302764,26.301048951048944
140.00399999999934,20.004999999999384,46.91227326711926,40.01600000000144,80.03200000000288,7338.703346050843,447.64405000000005,10.024706061124773,0.3140207965024139,26.389300699300694
253.0073333333315,19.07869430077201,92.30726627415567,58.31540361688409,96.35108407623814,6573.730637516224,227.50104999999996,10.005585743183952,0.3012733872968263,26.976293706293703
