pat_mean_ms,pat_std_ms,heart_rate_bpm,sdnn,rmssd,ppg_amplitude,pulse_width_ms,accel_motion,gyro_motion,temperature
200.00100000000032,32.661087989636094,115.49544659201811,1.4799999999990519,2.9599999999981037,1973.5084076514524,181.82535,10.007495834683741,0.03162277660168371,31.99536912751677
173.33466666666672,49.88974512083917,90.04497746624436,125.70090745053874,178.81078934281373,1844.4348895430746,233.21678333333338,10.007289442840662,0.03162277660168371,31.90167785234899
240.24850000000075,27.931116210240713,77.6196971193175,95.45721561807491,202.494111145239,2012.6795788272227,270.54988333333307,10.007081123289069,0.03162277660168371,31.88046979865771
139.97949999999904,20.01950000000008,85.71263268494121,58.988499999999874,117.97699999999975,3037.5643741871595,245.00472499999958,10.009903325314061,0.03162277660168371,31.900738255033556
240.25500000000122,39.76171636763033,66.38638335613705,92.83657004306325,157.10510029834137,2073.5456301262284,316.32993000000005,10.00999042459393,0.03162277660168371,32.08865771812081
256.2027999999998,31.65887816963739,88.23533737026365,64.91612028524624,125.23292705993566,2385.361028285389,237.9998833333327,10.010933172860364,0.03162277660168371,31.988523489932884
240.34250000000057,40.34249999999773,68.83880636263318,143.92626976003905,224.01582538126445,1783.0267762438716,305.0604900000001,10.007062016069888,0.03162277660168371,31.240738255033563
240.34250000000057,40.34249999999773,76.97246758978001,100.50049999999896,201.00099999999793,2232.5303845052017,272.8248250000012,10.006438848911822,0.03162277660168371,31.289999999999996
