pat_mean_ms,pat_std_ms,heart_rate_bpm,sdnn,rmssd,ppg_amplitude,pulse_width_ms,accel_motion,gyro_motion,temperature
120.01000000000062,39.989999999999526,84.9857153176837,131.42199507185532,163.8479828285968,3405.4181744696198,247.10034999999993,10.010750909090477,0.03162277660168371,31.345466666666663
226.66700000000026,49.889121506262555,83.39850772270186,96.7561095274542,118.50164675859882,2035.2397015492452,251.80306666666647,10.00719422240551,0.03162277660168371,31.0684
200.00639999999805,43.810687045972344,59.97998667777861,85.48331611620293,179.11808396697998,2342.7852799930797,350.11678333333276,10.010846220627872,0.03162277660168371,31.20533333333333
160.00475000000057,48.98530481876551,86.53846153846162,67.79230415680783,115.57647693627244,5396.299987657762,242.66666666666643,10.013171790367869,0.03162277660168371,30.90240000000001
