pat_mean_ms,pat_std_ms,heart_rate_bpm,sdnn,rmssd,ppg_amplitude,pulse_width_ms,accel_motion,gyro_motion,temperature
240.5104999999996,39.50949999999986,63.82971933008583,59.00000000000034,118.00000000000068,3615.1689828201484,329.0003499999999,9.986028382718686,0.033166247903554005,32.20825503355704
220.5005,19.49950000000024,115.45862732520845,0.4721118040841499,1.0015001248128514,3215.378443412336,181.88333333333335,9.985599654582725,0.033166247903554005,32.28140939597315
260.00050000000033,20.000500000000073,64.30872762324233,37.47911418673365,55.86660899857793,3659.025897096494,326.5497666666666,9.983595653973177,0.033166247903554005,32.31939597315436
173.33299999999713,37.71212596323166,51.724126783593306,109.36672025889465,100.14695202717428,3093.9246799134607,406.00008750000046,9.985206609987296,0.033166247903554005,32.13107382550336
220.48899999999705,20.48900000000131,73.17068709104454,99.00050000000249,198.00100000000498,2638.8776458104257,287.0001749999997,9.984881336671116,0.033166247903554005,32.15885906040268
