pat_mean_ms,pat_std_ms,heart_rate_bpm,sdnn,rmssd,ppg_amplitude,pulse_width_ms,accel_motion,gyro_motion,temperature
219.98099999999977,19.998000000000175,57.74783445620792,120.01799999999992,240.03599999999983,2755.883732454442,363.6499999999998,10.021757083620415,0.4120458569340443,34.15765100671142
253.6456666666662,37.9671597509686,52.42484570712596,113.26364953174615,191.16380964415637,2939.725407861028,400.57342500000016,10.039733012464874,0.5117973462668142,34.13926174496644
226.65133333333407,18.869381023826403,103.47664273481868,72.35596439479308,151.9314431237638,3236.7703388093087,202.94435,10.031253094848086,0.556686710063715,34.17845637583893
173.52999999999952,49.658801724030745,63.82785202789062,19.009499999999207,38.018999999998414,4658.030885047522,329.0099750000001,10.054730333649248,0.5837747777545783,34.14275167785235
