pat_mean_ms,pat_std_ms,heart_rate_bpm,sdnn,rmssd,ppg_amplitude,pulse_width_ms,accel_motion,gyro_motion,temperature
213.33766666666688,18.840393030814404,98.845061354777,77.36242039802009,94.68700209242007,4393.298305401964,212.45370999999997,10.030133937987332,0.09343885698350937,26.91333333333334
200.00850000000003,28.270485656422967,76.02127455368385,128.37841118423108,228.47418748879852,5198.238655046518,276.23846249999997,9.98457917127597,0.104887342477226,26.928933333333337
239.5169999999993,39.51700000000001,58.28138397888466,124.36205070151985,217.34192021635675,5537.228282625097,360.3208874999999,10.110506117532669,0.09092538750440655,26.314400000000006
239.54250000000064,39.491499999998666,60.62169059244816,99.15013812490226,181.13871957333,4304.420653153292,346.4106625000002,10.013262157735914,0.07938291937642422,26.213600000000007
220.0255000000002,19.97449999999823,63.356969002602895,19.097945072703226,40.506286734282945,4424.85233592061,331.4552500000001,9.99799336980024,0.07439166658812058,26.24066666666667
200.4950000000001,39.48199999999602,93.7961164239082,32.693370911478446,63.936032536434375,12801.700929062323,223.8898666666672,9.964831953849652,0.1119517644605101,26.05613333333333
213.00066666666598,19.088078693841254,88.28449974323925,114.80370619126425,232.03408588548945,3449.719417339025,237.86735,9.95290244451103,0.07087092397270027,25.908400000000004
173.33933333333343,49.87085909515885,86.98844902132565,115.17273857639594,165.07503785551134,5196.24219096996,241.4113624999998,9.980779874090489,0.0839970761525707,25.736933333333333
