pat_mean_ms,pat_std_ms,heart_rate_bpm,sdnn,rmssd,ppg_amplitude,pulse_width_ms,accel_motion,gyro_motion,temperature
220.35800000000182,20.347999999999374,81.56562498300715,125.40514795015436,206.21808939930668,4762.397008647028,257.4614,10.077936035077736,0.08199517456076506,27.612400000000004
240.16350000000043,49.132721777344514,78.96715177065414,132.01373781633362,229.20430575634745,4716.319124055735,265.93335999999994,10.019819703518825,0.08502553425492737,27.432133333333333
240.22750000000136,27.56821494493464,59.999580002940036,86.41682054245202,144.22246836917893,4220.871116828099,350.00244999999967,10.083419296303207,0.08023751767064548,27.124533333333336
