pat_mean_ms,pat_std_ms,heart_rate_bpm,sdnn,rmssd,ppg_amplitude,pulse_width_ms,accel_motion,gyro_motion,temperature
100.0015000000004,19.990500000000353,58.85295588970958,19.523000000000366,39.04600000000073,2929.429340672462,356.8214999999999,10.013879282560541,0.36622799596897543,33.96087248322147
199.9955,40.00549999999947,85.69865591180273,129.42100293830083,175.12423836379776,3170.8450694416924,245.04468333333338,10.001594918169218,0.4717008800101854,33.98771812080537
220.51049999999873,20.518499999998767,97.82459832132979,83.01739372899769,153.9083836329249,5444.099504561596,214.66993333333357,10.009458621846328,0.4616999335508584,33.88825503355704
229.9937500000002,43.59995022001329,70.1559098169164,134.27232658295526,210.98317439707301,2890.5904925627983,299.33330000000024,10.003426853264726,0.5208282583480427,33.80060402684563
179.56950000000484,44.540052702595275,97.86251947056344,104.81077487866585,172.51461393168788,3521.503387953603,214.5867500000007,10.025175386604014,0.5074336433712516,33.96530201342282
183.8578000000041,40.5464789317146,88.25304855447375,131.74723016200355,169.01264194210432,4231.176505986257,237.95212000000038,10.021038369156003,0.5733895459865386,33.856979865771805
132.76733333333132,49.13656189527905,104.66765403153673,81.49469463713453,101.12357996530625,4006.7548208349663,200.6350499999993,10.006952224007206,0.5641570429838906,33.94463087248321
