pat_mean_ms,pat_std_ms,heart_rate_bpm,sdnn,rmssd,ppg_amplitude,pulse_width_ms,accel_motion,gyro_motion,temperature
179.98499999999984,20.001000000000147,67.4212793356307,72.14035743734202,144.194936792755,4344.851358509493,311.4743625,10.013545444798375,0.09368191812165765,30.618533333333332
180.4964999999994,20.512499999999704,75.04192967820768,66.00971980448597,128.10157531037748,4344.851358509493,279.84355000000005,10.019747457075546,0.08279020451954887,30.46493333333333
173.32766666666544,49.87798566056516,74.13573944994373,102.71882621597193,197.7111623496884,5948.743651397819,283.2641874999999,9.982981365614016,0.09877555801749874,29.500133333333338
219.99199999999774,19.987999999997896,75.02407804004592,75.10423016506493,124.57099574271815,5497.688316151794,279.9101375000002,10.04004666969504,0.08076999237686622,29.20760000000001
173.33933333333343,37.70670484439544,95.27533579593599,107.22481742203131,169.5541876854363,4603.956040365098,220.41381250000026,9.956992597100804,0.08800358823059358,29.09933333333333
