pat_mean_ms,pat_std_ms,heart_rate_bpm,sdnn,rmssd,ppg_amplitude,pulse_width_ms,accel_motion,gyro_motion,temperature
179.49100000000007,20.497000000000213,89.65279712991514,58.84869302924246,105.29056824806314,3592.459714053834,234.23697499999992,10.107504738623907,0.09640397620124488,26.5872
199.49700000000004,40.503000000000185,85.32362540084331,40.68189236994763,69.00767313494937,3592.459714053834,246.12174999999988,10.10565958683293,0.11639333737483828,26.5572
186.45199999999977,37.88055308466369,91.93061179566789,82.11853176844706,118.46768845132301,3247.1554200150003,228.43315833333327,10.14339466852063,0.10723511531524271,26.50106666666667
215.98840000000055,48.01472162826627,97.43423189347189,93.42889274309147,141.1644398184268,3406.5545212709235,215.53,10.060802106177299,0.08548005232304803,26.41106666666667
240.33233333333234,32.253695771011834,85.76018272636266,102.7057004478531,193.88087674983512,834.734421583033,244.86888125000002,10.001649236684985,0.06275791267749063,26.42866666666667
240.33233333333234,32.253695771011834,77.37967653747614,103.89737607004241,184.73685650540753,2878.6871700174706,271.38908999999995,9.97807386970991,0.10106448442458546,26.468000000000004
200.00599999999835,39.99399999999653,95.51941181875318,120.51107015641725,110.54200415075898,1746.5240181504407,219.85060000000018,9.987820585790404,0.11169723626787158,26.547600000000003
139.99549999999772,19.983500000002152,79.0777687021394,80.26297539144429,131.0683201858236,3059.0681436841414,265.5613625000001,9.911996129848157,0.09659495575225537,26.614800000000006
139.99549999999772,19.983500000002152,87.31230038225333,102.59668480530834,163.04489541534025,3167.2145212151568,240.51593999999977,9.9471013160205,0.09010693525855307,26.608133333333335
