pat_mean_ms,pat_std_ms,heart_rate_bpm,sdnn,rmssd,ppg_amplitude,pulse_width_ms,accel_motion,gyro_motion,temperature
269.5030000000007,17.026520989326908,93.82282263616331,48.58351083636821,51.390698629875686,1880.0855374038342,223.8261375,10.043662553906469,0.05272721827912434,25.78306666666666
239.49499999999978,38.504000000001426,94.56320663833712,70.87807849002004,106.68647703836133,3177.2402333042664,222.07368749999995,10.01791450663966,0.07333595620862388,25.736666666666668
100.00050000000194,19.99949999999906,93.84778254634578,65.41703764162273,78.37243991225361,3004.855023730117,223.7666083333334,9.942561362227991,0.0774809169743381,25.508133333333337
120.13719999999992,43.680093669312996,88.36426696317788,122.65188611982272,190.669068370655,2671.898193673131,237.65262499999997,10.040818057473999,0.06435037374177449,25.413733333333333
119.66750000000114,48.84515454218511,78.18585873222679,76.81927282498755,121.86054956075618,3006.968901032036,268.59076999999974,10.009233242492158,0.07116818467281466,25.575999999999997
139.0000000000029,21.00099999999827,103.01826342113343,70.44679119124469,74.2404233420049,4144.405954379037,203.84735000000018,10.014621721558763,0.0699150187857654,26.122400000000003
158.99950000000018,41.000499999995554,86.25515482369008,102.73716115914719,200.445709174584,4448.5025304167575,243.46371000000016,10.015294999970465,0.07158617812979937,26.157866666666674
