pat_mean_ms,pat_std_ms,heart_rate_bpm,sdnn,rmssd,ppg_amplitude,pulse_width_ms,accel_motion,gyro_motion,temperature
140.25200000000004,45.05648131512278,103.27031262505388,18.99949999999984,37.99899999999968,2980.3358448431836,203.34982500000004,9.984695279782347,0.034844263286951636,32.227852348993295
173.3349999999998,37.71141886307949,88.20299625578284,75.50196356055929,119.00352096331784,3171.5216256082213,238.08714999999992,9.98791695229794,0.03521715559437333,32.158724832214766
