pat_mean_ms,pat_std_ms,heart_rate_bpm,sdnn,rmssd,ppg_amplitude,pulse_width_ms,accel_motion,gyro_motion,temperature
139.49399999999912,20.504999999999995,66.17622729328197,114.36799406593993,214.2308120929394,3633.498268853389,317.3345000000002,10.029232808729196,0.07985896669449945,29.06906666666667
139.49399999999912,20.504999999999995,50.86855945750381,98.51050000000328,197.02100000000655,3633.498268853389,412.8286749999997,10.016690460631537,0.09324189538191668,29.299066666666658
160.32299999999822,39.653999999998746,99.03771108443814,85.04821957653648,104.61155890244521,3354.7619660963273,212.04044166666674,9.936844232574003,0.09281468114779783,29.27186666666667
