pat_mean_ms,pat_std_ms,heart_rate_bpm,sdnn,rmssd,ppg_amplitude,pulse_width_ms,accel_motion,gyro_motion,temperature
186.35100000000003,19.32593554440946,107.19267302348996,48.60620961037283,82.34831471661481,6564.699977366094,195.90891249999993,9.896776273773192,0.053321623910901825,28.385200000000005
186.35100000000003,19.32593554440946,81.44246235467611,124.2395099519554,205.65673182393022,5325.4452133241575,257.85074999999995,9.912009340044198,0.051696333261033775,28.3116
172.65566666666624,48.98366891344767,117.76355237681192,16.454205321133532,31.038317759398627,2965.40696673194,178.32342500000007,10.089454506956722,0.05240394643870607,27.84413333333334
226.33499999999887,49.80172467562254,68.80746570177195,92.36003743957721,150.15714392012956,1679.4426010673278,305.19943999999987,10.05115913691352,0.04853104953592393,27.18040000000001
