pat_mean_ms,pat_std_ms,heart_rate_bpm,sdnn,rmssd,ppg_amplitude,pulse_width_ms,accel_motion,gyro_motion,temperature
160.5100000000004,40.50999999999938,83.37112052175502,119.00436810283622,208.14308098517054,2598.634456065855,251.88578333333325,9.986925894104726,0.03764095559261436,32.08154362416108
230.00125000000082,33.16632329167069,108.65620524722583,64.153979152039,91.87538844816122,3012.3062140382162,193.27013999999934,9.986559499038028,0.03646012995244566,32.029731543624166
