pat_mean_ms,pat_std_ms,heart_rate_bpm,sdnn,rmssd,ppg_amplitude,pulse_width_ms,accel_motion,gyro_motion,temperature
223.7991999999991,47.767500258648155,99.9999166667361,48.99571410593096,73.40863710309378,3358.1591654863128,210.000175,9.986724159088052,0.03565219661969864,32.75093959731543
209.99949999999853,43.588186481544724,58.79470847623703,19.499999999997158,38.999999999994316,3195.0380037858304,357.17500000000064,9.98559057064876,0.035652196619698644,32.79845637583893
