pat_mean_ms,pat_std_ms,heart_rate_bpm,sdnn,rmssd,ppg_amplitude,pulse_width_ms,accel_motion,gyro_motion,temperature
199.79839999999984,43.81741869439596,84.31762449145934,77.93570980750745,75.51059043107786,2700.501762397311,249.05824999999996,9.977118747479102,0.032425381678656266,30.585733333333337
212.9983333333332,19.09733022062419,98.15370543091467,66.58322720674708,105.7137034147733,2682.4852228762493,213.95014999999992,9.979443111415089,0.03248712053073107,30.541999999999994
250.24250000000015,32.781441552347914,103.44702736346291,66.33701914843617,138.57137810890077,2682.4852228762493,203.0024499999999,9.980743066657023,0.03255914919148502,30.4728
266.34000000000077,18.62990193210817,77.58620689655172,113.88395653275951,213.82820206885518,1907.8700834143015,270.6666666666667,9.981282914557942,0.03255914919148502,29.999200000000005
172.9986666666671,37.4779490930651,78.97352840233597,128.84288543295017,201.2664005855633,2234.7471247980475,265.9118874999998,9.980519801847638,0.032528279765447615,30.224800000000002
199.500000000004,0.5029999999983659,65.80394766655915,108.28233727178204,157.03398681734564,2276.98490348152,319.12978999999984,9.978514554201059,0.03255914919148502,30.21533333333333
