pat_mean_ms,pat_std_ms,heart_rate_bpm,sdnn,rmssd,ppg_amplitude,pulse_width_ms,accel_motion,gyro_motion,temperature
160.00049999999976,39.99750000000013,93.75024414126078,57.275899657321375,85.56420421239235,1663.9828409292545,223.99941666666666,9.975660694809319,0.032425381678656266,31.351600000000012
186.99833333333336,19.0957761530892,89.5513700240222,87.29393215596353,181.76897836631315,2197.9026290641305,234.50227499999986,9.975592496487312,0.0324665409133728,31.08846666666667
180.49650000000028,20.501499999999936,49.18107364742826,21.004499999999666,42.00899999999933,2114.8878372463623,426.9935249999999,9.974131335054985,0.032445961296014535,30.967733333333328
150.42074999999943,32.7869476268766,120.00000000000011,20.000000000000895,23.09401076758657,1388.7157304421646,174.99999999999983,9.97623329656475,0.0322607447397901,30.972133333333332
120.00049999999973,39.99950000000041,51.768810844530506,120.00199999999779,240.00399999999559,1240.898770408629,405.6496499999999,9.972530670539653,0.032312193783185776,30.729600000000005
200.00024999999866,48.98959073300911,81.08119065025754,61.00100000000094,122.00200000000189,1803.047158881532,258.9996500000003,9.976851883483086,0.032415091869977125,30.718800000000005
179.74099999999993,44.400250911453305,98.44300088721756,90.62123100128055,146.9933590631442,1422.920505648002,213.32141249999992,9.976387119034511,0.03238422244393972,30.683866666666667
