pat_mean_ms,pat_std_ms,heart_rate_bpm,sdnn,rmssd,ppg_amplitude,pulse_width_ms,accel_motion,gyro_motion,temperature
259.50000000000097,20.500000000000185,80.42873879694692,91.4594300022325,112.09967765966103,5257.745444232525,261.1007,9.996712468194495,0.12546120578018763,26.8616
146.68266666666577,37.68832011232205,97.5291953646324,93.44710522985736,98.79631477438959,7376.288204412442,215.32014,10.027824727585138,0.056221594522348206,26.784799999999997
179.9912500000014,19.997251578342258,112.99468467622569,34.581540921862896,57.225348494639576,7049.015251958338,185.84945000000022,10.109190313890565,0.06136348109473379,26.78226666666666
189.57775000000154,32.53948598530024,105.72105991705821,105.47227316484306,172.72340366174268,8186.917013084581,198.63592000000014,10.031307436789954,0.07307411167627303,26.84359999999999
239.16850000000167,0.8434999999984427,65.25725497532191,56.17535549212772,84.86046151477646,7287.276990430159,321.8032999999998,9.98619863283612,0.08109304671779524,26.847333333333328
220.00500000000045,20.006999999999664,95.35035893450723,95.1182820554864,105.21151549933398,4624.1971368148625,220.24038750000042,9.987048411328951,0.0932872622126659,26.871066666666664
133.3343333333327,18.844161612789904,101.65317714887387,65.78173530462118,73.0457565297244,6722.235105758593,206.58478750000035,10.044732954358516,0.1320483399049302,26.86146666666666
133.3343333333327,18.844161612789904,115.44161468186428,48.790298217858385,72.50325123054799,6722.235105758593,181.91013750000042,9.9503571849716,0.1359017841249587,26.787866666666662
