pat_mean_ms,pat_std_ms,heart_rate_bpm,sdnn,rmssd,ppg_amplitude,pulse_width_ms,accel_motion,gyro_motion,temperature
219.99,20.009999999999977,76.51165999442485,157.19290192422798,186.705714030128,3334.331093159647,274.46797,9.983512315339322,0.655182013268884,33.78
213.32700000000045,49.89072611217416,74.97088630581787,117.52823790713272,151.53280193575225,3516.0668568187657,280.1087333333335,9.991328302473237,0.5076459874705348,33.9628
213.33433333333394,49.888765156985606,54.23387272937087,123.0699858355212,198.38849856027346,4540.331875869908,387.2118833333333,10.002576983432828,0.6445944895536946,34.20506666666665
200.49299999999982,39.492999999998446,90.02252813766643,125.50503490088548,183.008262506917,4882.758184839751,233.2749416666667,10.011117552224652,0.5914207392499778,34.1872
159.5064999999991,39.51449999999923,47.253405641544724,76.25136260872677,116.40341528351526,4370.416501164309,444.41241249999996,10.005578359124604,0.6326828987783021,34.19466666666666
187.00866666666843,49.96577712350145,78.91230782113028,85.80272936736269,142.5899278999051,5107.691214796669,266.11818333333355,10.00169982330351,0.6078194306705155,34.276933333333325
