pat_mean_ms,pat_std_ms,heart_rate_bpm,sdnn,rmssd,ppg_amplitude,pulse_width_ms,accel_motion,gyro_motion,temperature
192.40060000000057,39.47871732769518,103.36086464808612,104.41283087939638,217.6387460119735,3285.952566006772,203.17167500000053,9.986051454913659,0.032415091869977125,30.34133333333334
220.16650000000007,30.44315926854391,105.91350397175638,67.31713254192101,111.21840855092113,2959.5146381461254,198.27500000000003,9.9862311260346,0.03239451225261886,30.338399999999996
220.36049999999818,19.67650000000276,52.67785690674764,19.999500000000808,39.999000000001615,3946.1874686988012,398.6494749999986,9.982156605665073,0.032425381678656266,30.377199999999995
