pat_mean_ms,pat_std_ms,heart_rate_bpm,sdnn,rmssd,ppg_amplitude,pulse_width_ms,accel_motion,gyro_motion,temperature
186.33733333333305,37.953132240816174,51.74630854771402,79.50600000000031,159.01200000000063,5516.009035132676,405.8260499999996,9.98052573972437,0.03221958550507356,30.472266666666673
173.34400000000016,49.8856472144038,83.33373842789506,121.00249999999943,242.00499999999886,2275.8520128203545,251.99877500000022,9.981365686437954,0.03220929569639443,30.50519999999999
