pat_mean_ms,pat_std_ms,heart_rate_bpm,sdnn,rmssd,ppg_amplitude,pulse_width_ms,accel_motion,gyro_motion,temperature
199.99799999999988,39.97899999999977,91.49094559856884,82.21546867980487,168.46966790345354,2608.0274034990043,229.53090999999998,9.984459765668683,0.09622036667376727,27.438666666666663
252.98733333333348,19.096545941318055,93.85955169549456,74.43975770715554,75.39106554272,2026.3820638907155,223.73855000000003,9.978134873741764,0.09617411109255788,27.397199999999998
199.9267499999995,28.540315322143954,88.2791740600476,87.30449136594501,183.1026432701032,1735.329944259568,237.8816999999997,9.958522374750665,0.07770958755070803,27.593199999999996
199.8545000000007,40.85150000000226,87.25955266681179,122.51878639359568,162.40555317014034,3027.1863746800473,240.6613300000003,9.947971386952775,0.09334946342236869,27.50413333333334
209.74000000000007,33.53567719608447,83.36313565432982,91.05501591806919,118.00801911946286,4344.991969901373,251.90990999999977,10.002442071009625,0.09803944293532739,27.503599999999995
186.675666666666,37.71802077993596,78.947783935705,74.95921393998378,136.21520037181543,4030.603477005098,265.9985999999997,10.084013445496243,0.0753237832925172,27.527866666666675
