pat_mean_ms,pat_std_ms,heart_rate_bpm,sdnn,rmssd,ppg_amplitude,pulse_width_ms,accel_motion,gyro_motion,temperature
260.50049999999914,20.500500000000713,86.23147747863759,89.10883836881563,155.07575211408357,10033.118522215573,243.53055999999998,10.055932355664613,0.4915925105349412,33.97845637583893
253.33333333333266,19.568262302912064,49.382898949008464,43.652135116739366,43.20996496951543,9608.923513771844,425.2484249999999,10.03865828910236,0.6042802260457492,34.00463087248323
159.99199999999902,39.971000000004864,51.05655151286942,134.90750679168937,212.89230871968607,5688.087481211629,411.3086250000001,10.006841959243829,0.5533624773712953,34.17429530201343
239.99900000000096,39.99899999999812,67.41546522008055,42.899596090758536,84.54963514213057,7959.822337638547,311.5012250000002,10.04153214983039,0.499065484101927,34.22557046979866
229.99499999999884,33.16926361105988,109.68674076209194,94.74146680073993,142.11997858851677,7959.822337638547,191.4543166666655,10.028214801000816,0.4176923298732433,34.1486577181208
