pat_mean_ms,pat_std_ms,heart_rate_bpm,sdnn,rmssd,ppg_amplitude,pulse_width_ms,accel_motion,gyro_motion,temperature
219.49700000000007,20.50300000000017,100.12599187310697,74.8295973829873,136.42156338228415,3192.6505397555957,209.73575000000002,9.927822430017638,0.06258421558107936,27.387933333333336
219.49700000000007,20.50300000000017,95.35085140364399,76.71090955333513,163.04638872316826,4746.619489331579,220.23925,9.991052149545787,0.055546356249743835,27.4772
259.3329999999998,18.646999999999636,80.53799379857446,37.488223919874315,79.52117738376278,3879.9173013466634,260.7465,9.951483589296346,0.059049370669077915,27.094400000000004
139.99950000000007,19.99949999999906,91.95308349339986,116.98046803871054,161.54370121115986,6086.9742283600335,228.37733333333318,10.025849988856846,0.04745032407306161,27.241333333333337
120.50550000000015,0.5054999999991594,82.21960033052292,131.3984959864456,225.02787996601685,6086.9742283600335,255.41354999999956,10.00607661361578,0.04635431644255029,27.193866666666672
107.015333333333,19.084535176128895,105.35404886584168,66.40475132238144,119.33361203086532,2750.5315239457586,199.32788750000006,9.95377259598715,0.05391288479085975,27.190000000000005
159.99249999999955,39.98949999999901,105.26241921109342,66.03243963007827,119.11748862082848,2606.523377821346,199.50139999999968,10.028234016662793,0.05293643956872354,27.246533333333332
179.99049999999883,19.991499999999718,61.26049596497534,65.696450961981,111.94149482058215,3073.7615982461357,342.79839999999996,10.028379827833595,0.04727050976001743,27.227866666666664
