pat_mean_ms,pat_std_ms,heart_rate_bpm,sdnn,rmssd,ppg_amplitude,pulse_width_ms,accel_motion,gyro_motion,temperature
140.00099999999892,19.996999999999154,75.05629221916442,140.4032478313812,157.1767412978148,2125.4286722892693,279.7899999999998,9.973725197405408,0.032312193783185776,30.963999999999995
219.00099999999867,20.998999999999768,66.6663703716873,101.00399999999962,202.00799999999924,1956.808926803357,315.0013999999997,9.972984088677249,0.0322607447397901,30.94613333333332
226.0016666666651,19.79875420884378,78.99910763924665,158.24549207224607,240.45577842159057,1956.808926803357,265.82578749999993,9.97435495600915,0.03229161416582751,30.993199999999998
186.3346666666672,18.624482101674786,55.57272478318147,85.48393221470964,142.83473667494414,1413.2076331436078,377.88321666666667,9.975287080397791,0.032281324357148374,31.04413333333334
206.33383333333435,42.42832257433912,90.33420947479382,69.56302408722685,101.30078726372436,1661.0619109775212,232.4700700000002,9.97584321333959,0.032250454931110964,31.09639999999999
