pat_mean_ms,pat_std_ms,heart_rate_bpm,sdnn,rmssd,ppg_amplitude,pulse_width_ms,accel_motion,gyro_motion,temperature
133.33366666666686,18.855945345935012,111.10936216744729,20.011500000000296,40.02300000000059,6257.003263064047,189.0029750000001,10.005548290251202,0.03162277660168371,32.663599999999995
100.00000000000142,19.999999999999574,53.58755268326271,149.2248632254909,189.10795874446833,3571.947883995267,391.88205000000016,10.00851878772772,0.03162277660168371,31.898266666666665
