pat_mean_ms,pat_std_ms,heart_rate_bpm,sdnn,rmssd,ppg_amplitude,pulse_width_ms,accel_motion,gyro_motion,temperature
220.33299999999923,19.64999999999951,74.11822474498702,59.25638667899024,105.99181771092924,4815.280259730913,283.3311249999999,10.001356129840142,0.11691954261714665,30.72753333333334
173.33966666666592,49.877989349567095,108.78678081059192,77.17144312658704,133.2757770151813,3523.171612131586,193.03816000000023,9.959494063796356,0.11573885741861102,30.15666666666668
160.501,40.49999999999798,111.32376010842911,59.011499999998705,118.02299999999741,4630.385679020159,188.63897500000036,9.977423040438158,0.12785729041049887,29.70239999999999
