pat_mean_ms,pat_std_ms,heart_rate_bpm,sdnn,rmssd,ppg_amplitude,pulse_width_ms,accel_motion,gyro_motion,temperature
259.9935000000002,20.00449999999887,52.67757941254843,100.00449999999978,200.00899999999956,2711.005457170939,398.6515749999998,10.01077494380731,0.032068207916988556,32.202080536912746
100.49949999999974,19.499500000000225,63.42496949435148,99.69120992455905,203.5729279951082,2344.5817693819645,331.0998833333333,10.011313078498596,0.032037131313595195,32.28906040268456
100.49899999999923,19.50000000000074,90.87466868610369,117.8580905241558,210.7790786740147,2782.0383412798974,231.08750000000015,10.010148928778621,0.0320267724457974,31.69939597315437
107.33299999999939,18.625442598768586,105.2632502309213,76.55384053233438,131.96697061638932,2047.4856657221799,199.4998249999999,10.00990529478019,0.032037131313595195,31.663154362416105
186.99766666666542,49.441615462640435,93.83826661953901,112.71133938872394,173.3202572364222,1738.0743581800284,223.78929999999997,10.011203559224379,0.032109643388179704,31.667718120805368
224.3979999999993,41.146382630796374,101.41987829614587,81.93801805999675,69.86060415928642,1859.076707608087,207.06000000000034,10.01121549580267,0.03214071999157307,31.76087248322147
199.9999999999993,41.00000000000037,98.78156235553209,141.45767482664237,199.35321672849972,1773.7701144715033,212.59027999999972,10.010763812122818,0.03202677244579741,31.804228187919463
139.50100000000276,19.49899999999616,76.36803793964114,18.853588111198075,39.99450000312783,2915.9807334951,274.9841500000004,10.01062241971374,0.03195426037121289,31.97979865771812
173.66133333333286,19.315800515524774,94.42206874556081,117.0660265823432,141.0733629410607,2483.1400121560673,222.40563333333344,10.009095593759222,0.03204749018139298,31.973624161073822
