pat_mean_ms,pat_std_ms,heart_rate_bpm,sdnn,rmssd,ppg_amplitude,pulse_width_ms,accel_motion,gyro_motion,temperature
173.09833333333438,49.711556539253834,104.63212217776642,50.15261510186263,103.06878240524662,1792.738468557408,200.70318333333344,9.921673561681045,0.1664673201185483,29.10346666666666
159.99000000000052,39.010999999998575,73.88201124894658,81.88885921106136,164.25283254331018,1417.241829608373,284.2369833333336,9.907822971071743,0.1719992975357212,29.104000000000003
239.50449999999887,40.50349999999979,66.01921984537738,71.40022795963317,142.18753852688215,1312.1080809329321,318.08918750000055,9.873680346710414,0.16960036771422954,29.19466666666667
100.15200000000135,19.84900000000067,98.76000233073631,102.28540942206716,184.66938820091607,2237.9590522793455,212.63668999999945,9.9270383724864,0.21858646656395497,29.555733333333333
100.15200000000135,19.84900000000067,102.40935065644392,81.63377743720504,163.74749650605872,3100.8627666407892,205.05940000000004,9.921921726085971,0.2606203359432182,29.687200000000004
140.01400000000075,19.98599999999584,99.99716674694197,79.02200000000192,158.04400000000385,3299.8028997867086,210.0059500000004,9.88095332688045,0.19138710840298045,29.400399999999998
140.02299999999934,19.994999999994434,72.5811134265384,18.881338447141985,27.611930256682527,3391.124244134824,289.331466666666,9.86412910821166,0.17658824956728555,29.256666666666668
