pat_mean_ms,pat_std_ms,heart_rate_bpm,sdnn,rmssd,ppg_amplitude,pulse_width_ms,accel_motion,gyro_motion,temperature
120.01099999999987,39.98899999999939,75.99712984172962,114.3255450293151,118.20458893940314,2683.168197587548,276.3262250000001,10.019948151089118,0.0625672900887348,27.694697986577182
173.32600000000002,49.906494106478206,90.97785270534018,110.59002548816157,157.8132793461945,1337.2319057826667,230.82540833333329,9.9578488633894,0.062055592193730365,28.155100671140936
200.49849999999836,39.50450000000316,94.7617544717678,74.17927290786379,130.8850483256271,4302.5234462809685,221.60839166666645,9.913981557075187,0.08315459127117192,26.78758389261745
