pat_mean_ms,pat_std_ms,heart_rate_bpm,sdnn,rmssd,ppg_amplitude,pulse_width_ms,accel_motion,gyro_motion,temperature
200.49900000000065,40.49900000000051,79.0165772389238,55.413357753845105,82.77886523141156,4943.582327023456,265.76701666666645,10.007065279518908,0.06056909650069087,26.639866666666677
200.00900000000144,39.992000000005135,69.28358464029108,99.68316926141705,203.55003485261688,2770.5016194979326,303.10210000000035,9.985154653364516,0.05356056271652411,26.783333333333335
146.9796666666691,19.076734195233488,77.02162510494195,107.14354037925112,126.07086247556717,4397.303324769818,272.65070000000003,10.037378322389507,0.07095041714388813,26.6752
127.98240000000192,16.490731501058118,99.99956666854459,66.58521039870783,82.49346715044035,3071.809135188737,210.0009099999997,10.003519280565609,0.062171199215562585,26.704266666666662
119.5005000000009,0.500500000001125,53.603702467289,142.83618150486106,228.7528827108047,7072.589540185883,391.76398333333395,9.914609851316545,0.06783313030618274,26.72933333333333
