pat_mean_ms,pat_std_ms,heart_rate_bpm,sdnn,rmssd,ppg_amplitude,pulse_width_ms,accel_motion,gyro_motion,temperature
139.9999999999997,20.000000000000462,79.78723404255322,142.04365526133117,220.4552108705979,3668.4966155674438,263.1999999999999,9.986835789911051,0.033166247903554005,32.302400000000006
213.32799999999827,49.89019110005408,56.266774532157406,81.30800987739092,100.77982465751474,3874.37142557941,373.2220333333333,9.984831297534292,0.033166247903554005,32.17440000000001
200.3276666666653,33.068596183622844,63.356969002602895,49.98474247874832,102.39349639992116,3449.0174568644743,331.4552500000001,9.985736450747657,0.033166247903554005,32.06400000000001
