pat_mean_ms,pat_std_ms,heart_rate_bpm,sdnn,rmssd,ppg_amplitude,pulse_width_ms,accel_motion,gyro_motion,temperature
240.0035000000038,40.00050000000144,115.45859029551306,55.864938358560735,93.13968655842041,1778.5918294520618,181.88339166666665,9.989729583562236,0.0326414676609181,31.081600000000012
180.00150000000303,20.00149999999934,115.42883350698989,43.45869218648745,68.71029407774057,2338.158843899144,181.93027999999956,9.989934733915884,0.03267233708695551,31.01053333333333
200.01200000000097,40.01199999999727,56.087910321040134,77.69255837715504,86.87947979049532,2881.065786731497,374.41223750000034,9.989803699345464,0.03268262689563464,30.909200000000002
200.00099999999793,32.65904674052658,101.73802458668919,76.2839861012761,153.94785516855617,2496.4414144850907,206.41250000000014,9.989453373938883,0.032631177852238964,30.846533333333323
190.0005,33.16489110867097,59.055106485215305,143.8360566984496,220.4142532221992,2496.4414144850907,355.6000699999997,9.990261747721958,0.032713496321672045,30.896399999999993
