pat_mean_ms,pat_std_ms,heart_rate_bpm,sdnn,rmssd,ppg_amplitude,pulse_width_ms,accel_motion,gyro_motion,temperature
130.24050000000022,33.08071310068749,103.4937774366317,66.11681773195131,103.31637699158296,3937.4394459627138,202.91074999999984,10.047611989943773,0.09985096284851025,28.986933333333326
199.97799999999916,32.67129859678008,67.43503266805858,65.61411234397276,115.82539523639223,3872.252753452967,311.41083750000024,10.00754871197603,0.11134736113790164,28.644533333333335
264.5474000000007,19.34663170270221,88.29849896230866,48.18543293556306,84.88390006159602,3889.797705031046,237.82963750000005,10.083631113332373,0.08655388443047646,28.753466666666668
200.49550000000238,40.50449999999728,57.719502457888815,80.48999999999751,160.97999999999502,4908.784859794667,363.82849999999996,9.944270750992185,0.07546976461353755,28.37800000000001
120.00899999999604,39.99199999999803,57.72044640993271,40.487999999999886,80.97599999999977,3645.876896877262,363.82254999999884,9.988244633403202,0.05781858304426268,28.378400000000006
180.00949999999705,20.009500000000457,61.70731807654182,123.66445759662112,172.06475654531576,3237.1965017877556,340.31619999999964,10.000371302392074,0.05693589333898921,28.696400000000008
